Sales,Expenses,Profit,Transactions
524.8357077,241.9806631,43.24821725,103
493.0867849,227.7390105,48.55481329,141
532.3844269,201.7889111,42.07580079,143
576.1514928,180.5918967,46.9203847,122
488.2923313,220.9466994,31.06385333,144
488.2931522,211.8045616,52.13293707,107
578.9606408,226.8557966,50.01205475,134
538.3717365,219.0551541,41.82911369,105
476.5262807,231.4865815,56.59245668,83
527.1280022,183.9429437,59.37570138,80
476.8291154,239.521822,33.92440136,101
476.7135123,205.9279881,42.37275221,138
512.0981136,262.2578262,42.3085765,125
404.3359878,179.3243655,40.60096899,50
413.7541084,252.0789141,58.29474842,104
471.8856235,205.9373235,48.06173861,71
449.358444,180.4574599,47.35485159,89
515.7123666,185.483425,29.96137636,50
454.5987962,190.3895808,56.3541803,114
429.3848149,212.7249784,37.60741605,112
573.2824384,215.6850646,50.5993263,103
488.711185,182.7889999,52.77376938,91
503.3764102,199.2693622,63.60658596,70
428.7625907,264.2681108,36.91179601,128
472.7808638,251.8262951,19.80487844,130
505.5461295,213.0897101,51.83849545,71
442.4503211,201.1401043,68.00511182,87
518.7849009,203.6009398,62.38946353,148
469.9680655,218.4055392,52.09659415,129
485.4153125,169.316223,45.08363814,57
469.9146694,192.2787039,58.07122597,111
592.6139092,149.9424778,40.264538,96
499.3251388,211.9766937,54.76357769,66
447.1144536,219.4158782,55.05470159,66
541.1272456,185.5044061,60.60209907,139
438.9578175,247.2196029,77.59660039,62
510.4431798,163.2270301,53.92415967,66
402.0164938,156.0687536,44.91036374,87
433.5906976,206.7335546,49.74425688,130
509.8430618,231.4129491,32.30924095,127
536.923329,250.5178307,43.05286869,94
508.5684141,186.2334721,45.90717562,55
494.2175859,232.360425,44.75911602,84
484.9448152,198.8447459,51.52354872,63
426.0739005,194.821181,41.77580068,121
464.0077896,226.5097981,61.21030667,110
476.9680615,219.5696864,50.00207065,64
552.8561113,152.7082353,49.90699679,103
517.1809145,244.2962105,46.72105283,76
411.8479922,241.4027406,51.55190684,62
516.2041985,181.233119,58.25098265,80
480.745886,211.874106,41.32869784,84
466.1539,214.8209056,43.41883511,109
530.5838144,207.820213,46.96273971,55
551.5499761,183.4908454,36.54129077,118
546.564006,179.851299,41.8074214,135
458.0391238,199.2333779,45.23779126,107
484.5393812,235.1818706,58.74389181,98
516.5631716,216.3080046,52.62561329,72
548.7772564,188.88157,51.93589911,138
476.0412881,223.1509613,58.50897962,83
490.7170512,114.5437214,48.62628212,75
444.6832513,234.462971,53.9046485,96
440.1896688,147.8085866,48.96778247,54
540.6262911,189.1267718,52.65362349,139
567.8120014,166.4099032,44.17241342,69
496.3994939,161.1595557,25.61182842,55
550.1766449,234.8248036,48.65720838,119
518.0818013,185.968964,64.22748136,108
467.7440123,210.3951165,59.26215402,113
518.0697803,198.5923826,59.65397485,67
576.9018283,214.3112248,62.36130722,53
498.208698,202.3046567,50.88657591,66
578.2321828,161.5102333,51.97315707,63
369.0127448,229.8880046,43.82348105,127
541.0951252,185.1873025,46.83927144,62
504.3523534,153.302543,56.1577115,56
485.0496325,187.1565452,62.03884437,93
504.5880388,245.0227937,48.60553724,64
400.6215543,225.5066523,45.49810735,68
489.0164056,189.540436,50.00527959,112
517.8556286,189.5222689,56.01206749,84
573.8947022,190.3509485,35.56145184,130
474.0864891,262.3024395,27.03819047,84
459.5753199,211.4580636,44.49463151,68
474.9121478,212.9012494,37.79287574,69
545.7701059,230.9085036,44.91859802,149
516.4375555,207.1636748,48.52219681,84
473.5119898,192.2287356,45.46751591,81
525.6633717,194.1095045,64.52467534,97
504.8538775,197.8519622,53.26744765,93
548.4322495,198.8833329,53.0047436,73
464.8973453,221.8288863,56.22207144,110
483.6168927,201.5583766,38.61166882,66
480.3945923,221.9792023,60.39111787,120
426.8242526,197.5785026,49.24235713,99
514.8060139,202.3590557,56.70480617,114
513.0527636,140.0539795,39.28142767,148
500.2556728,227.4898302,34.46241234,81
488.2706433,210.3946543,58.17889658,85
429.2314629,229.9403033,53.76409526,62
478.9677339,113.1123387,40.97948446,119
482.8642742,262.6512411,41.30336919,107
459.8861365,195.8123112,61.25434784,63
491.9357144,233.2454845,38.10588107,86
520.2025428,168.8028222,66.42672953,128
594.3092951,218.3832172,40.99379265,117
508.7288906,168.3975331,56.38391926,89
512.8775195,181.2869312,46.71381524,108
496.2777042,257.4209406,56.03187431,129
404.0614392,194.279528,44.55885998,141
498.6743062,206.5229862,48.37207094,65
503.0115105,226.1020319,50.40919175,111
623.1621056,214.8704566,39.97812544,53
490.3819518,204.5125672,57.40824345,94
515.0773671,210.9488301,44.86786434,139
498.2644115,272.1024676,47.71400085,77
441.5660981,198.2714361,40.05650625,145
557.1411407,206.0329714,24.37666341,115
537.5966516,231.5196319,48.08972237,80
539.5515974,233.165778,74.12615422,52
454.5306273,235.6109092,57.84604288,57
570.1397155,219.1619067,49.8073962,73
429.9074469,165.7098526,47.37109171,64
529.3428547,249.002946,50.22465893,92
609.5227813,165.6096382,55.47119115,80
450.4731837,209.079064,38.19187185,122
471.6851135,177.3717245,61.14321695,94
504.9825683,198.0758496,57.15381315,115
474.8262173,209.8628723,57.18185726,57
422.4668284,209.6407165,54.38475739,120
503.4281487,212.6576226,50.19616658,106
446.8848143,248.4113381,56.72861236,129
523.6796215,213.606029,55.91814134,148
454.0287883,192.6753009,46.45959289,79
577.4967203,228.922615,44.26398227,123
460.8373354,235.6841147,51.01856295,67
483.8969242,163.1717655,65.49020151,118
540.6758609,217.9220021,37.60892924,142
438.4567842,221.0351823,35.32474734,88
511.3729967,191.0730949,51.64760841,109
565.3571377,241.2712044,50.50887702,147
419.6258383,195.4983324,51.73341664,92
509.2316929,203.7672936,52.43953198,94
512.9941397,194.8078453,47.76797745,72
539.0911436,200.4673714,64.89863439,118
438.1524645,167.1117474,33.99096022,143
433.9771693,156.7984735,41.71502975,55
526.0970783,247.8351519,48.9674524,105
514.8492337,174.5911596,33.56811189,53
512.5246425,170.2582295,48.24145596,142
517.3224105,135.3982966,66.61470166,72
465.9987639,180.8311476,50.20886488,55
511.6126849,160.3073062,52.30700906,81
514.6536237,249.2604548,37.39835235,67
464.2824291,230.2945127,43.83638592,64
593.2887256,179.3554896,46.2480362,89
523.691646,267.5730742,46.82284903,145
440.4348251,229.4529646,62.81643795,122
532.8276804,190.2550585,55.57691061,123
451.2659165,125.0178286,38.88542043,133
539.3542302,268.7282772,52.46504778,55
557.929779,158.312826,54.98221748,112
458.9658841,150.6380376,61.40149039,116
548.1688065,230.677113,65.80540687,60
520.6390463,273.1925722,39.84905808,92
541.103008,241.5281846,41.89142489,66
594.8396491,216.9172736,37.42422141,145
487.7305942,217.8426302,47.65980141,53
462.3131918,225.6024668,54.66358374,112
455.5242785,222.7678577,59.87334517,117
459.2094858,208.4357427,49.24048976,130
496.1449145,203.1260331,46.80152477,90
517.0575987,198.1222062,51.51757992,132
513.83454,177.3810623,41.64857098,54
541.3591625,191.5797477,70.89538722,81
500.6500946,149.2112956,33.92338973,135
572.6767039,197.0498112,51.84740579,119
486.7671583,170.3422668,70.23606219,84
636.0084583,166.8923205,50.06799845,71
531.2833674,205.3968245,48.09960965,114
457.1421222,241.7600686,46.42554577,133
446.4553751,227.5494982,48.19608318,71
524.1236208,152.8849819,63.72848475,60
488.8268607,170.3111559,27.88138089,126
535.7000247,228.2231356,65.33433701,52
523.6618812,170.5253782,35.76042848,58
496.3585544,193.2610055,47.33347671,109
457.6603141,216.501563,45.7075558,125
424.2576388,170.9496664,55.8855327,136
477.6742524,203.1612652,34.01875648,63
542.8199397,159.9792352,54.62172666,146
510.7046872,181.9589707,70.24309623,67
437.7130611,209.593458,36.36825995,122
508.6590463,152.210188,51.89706168,72
519.265869,213.2142421,43.38017822,123
455.8071282,199.410866,54.25887206,132
507.6862553,216.5746986,50.19147777,96
502.9104359,206.717424,43.58513091,118
442.8514851,240.9242129,54.87872285,96
517.889368,203.7567351,68.0434811,136
528.0392263,187.1178338,48.09096208,79
554.1525622,203.6689251,57.19757942,74
552.6901026,216.2989409,37.06727042,77
431.1165316,201.4658021,40.43563623,147
453.108748,201.2177507,54.72406278,74
525.7517634,178.9402494,64.84116029,123
525.6892975,180.1129725,53.55613349,127
525.7523843,157.9218418,46.86941969,107
692.6365745,252.4873023,49.99291405,143
528.5445255,162.6841029,37.49592266,90
556.778282,179.2128441,56.04515326,74
547.7000882,178.447782,58.82333062,127
532.5695626,226.8477313,45.47909667,148
484.2365378,191.1515097,45.29957852,97
537.948461,237.4322622,52.6587823,147
461.3587393,179.7952813,45.63280264,59
488.1590697,208.3698249,49.33867385,148
475.7318226,174.9395884,70.99721789,124
504.093707,264.3544738,47.52974299,60
615.7329283,164.3720474,46.41659848,134
406.6367404,209.2946213,43.52458194,70
534.3130095,219.0133064,57.44191971,135
419.3642064,212.4139729,48.18775827,94
476.4034067,194.4413702,43.50626962,56
554.4475298,196.105379,63.21304032,130
503.214001,201.3143442,64.19603005,113
446.1127611,195.58994,43.99576434,113
464.2348145,228.9163735,31.33460049,51
533.9798874,266.31569,60.0751369,125
463.4816684,183.2752464,43.15370174,91
510.8229295,158.9059106,57.90625599,131
502.278592,197.3515385,30.29896182,103
467.4199826,277.3912801,58.92597338,124
607.1972045,175.889763,37.88828071,65
531.6959511,249.1735042,57.30764119,67
398.7428707,250.3310244,50.14273068,148
509.3227157,183.3923527,40.46060581,108
466.9106768,217.0694924,45.92963687,139
542.6216667,248.8518987,56.86318457,65
460.3739631,188.6261678,51.05894453,55
494.2631779,193.8925892,55.8441298,106
525.2493639,182.5495726,69.76440585,96
543.2877597,169.5572981,34.35758388,97
439.9851796,180.5216736,66.17212575,91
483.2749382,163.281792,51.04355938,125
476.2527344,201.022504,41.01215952,109
467.3335384,176.9008031,36.69686374,126
588.272712,207.0135774,48.10879609,53
520.2490855,153.3231306,59.21650112,51
436.9558023,209.926407,48.7245088,139
545.8930974,225.0058688,65.1115493,108
606.1078099,140.1879307,35.4882431,76
551.623263,211.2216971,49.87911052,76
424.0315017,236.8300698,37.47606556,128
475.7882964,163.7107694,53.63631883,121
563.3455575,250.1771716,58.8688739,56
464.6165267,212.5705703,45.79238206,112
522.1909714,178.8496443,23.95786143,95
538.7317027,198.3269277,51.98948147,112
453.6534764,216.7498074,54.36738552,61
497.0237322,202.2801617,54.04294755,62
337.936633,216.1626798,62.35782192,92
448.7806179,172.3797922,39.2894632,66
487.3715924,205.0808247,56.80216105,112
437.6108409,157.5885651,61.92507512,130
581.6205652,196.6632182,32.21412416,85
428.4929311,172.8827708,53.19651826,134
477.9977757,177.9341017,44.95820169,57
506.5370289,237.0827953,49.18477327,118
572.0636645,232.7393036,53.47676484,139
428.2068924,218.2741436,45.12771436,129
558.1581876,167.2306171,43.24291921,85
500.5116531,190.5077465,50.34152417,77
450.9245674,236.392931,39.12754061,142
523.1051737,204.2515074,39.14174871,96
509.9529848,269.5798862,56.79373283,125
469.9891561,211.7995352,38.51205965,79
503.4901042,205.7614735,56.66312501,72
480.7343202,190.7265061,54.62591293,65
505.6758673,204.0062271,32.74193271,63
533.1065337,195.4259049,43.22435348,123
579.3008408,221.2432603,61.94109403,120
438.1092251,228.7010695,40.18834469,101
606.6516687,176.4203162,45.35595738,86
402.39561,160.0630114,54.62060893,78
492.4107452,144.9138388,57.83390509,116
529.4158603,215.2397398,47.48461114,64
514.0495934,166.8990018,44.02489805,149
468.865024,135.4132822,64.22369862,96
489.5938875,211.6573581,67.38899664,95
475.3499533,274.7899855,59.78858051,101
470.5317622,199.8178727,50.85318143,68
542.4801049,225.1547232,41.91734278,126
517.8507743,202.4548808,41.69555593,70
465.3545202,197.0333104,55.22514105,113
544.9799938,227.5722945,54.18398221,86
515.364976,191.2917637,64.01598593,76
540.6431059,208.0217694,56.50450093,104
531.4814421,209.6509342,34.96919698,78
458.5502495,179.9572864,60.51947618,69
471.990948,229.7612705,40.01939373,74
537.3646803,194.7512073,46.16028728,119
530.5185133,177.3276452,52.50200206,112
498.9549203,216.0952953,69.9566749,85
505.8663692,173.0459605,81.09918556,51
563.8832448,200.8454347,56.06723059,71
470.4214306,199.7264301,48.16803381,145
527.3548691,232.576867,55.34505648,65
489.8903674,214.240947,58.87655426,67
489.1159398,199.2491912,46.79332374,118
554.9388426,224.532989,67.95211356,103
541.2708174,241.7062265,52.30070759,149
540.6754818,216.7343092,54.97743089,79
565.2739404,200.3105786,56.65924252,94
501.0501921,160.644913,54.21586611,68
534.0976486,168.0465901,58.389405,136
484.4866622,190.8432589,43.82746813,83
516.2083176,181.7146339,44.41698246,62
493.4928473,194.3908609,38.99845767,92
504.8497982,201.6994977,54.39501231,111
529.7578513,215.8907826,57.78936504,142
459.0889658,197.8850367,54.57772866,149
604.6193638,214.5950493,66.74492433,71
449.6991309,201.9342324,49.94403981,101
439.2905694,140.736003,56.68741656,101
557.9055437,171.8199382,39.08299124,85
539.5831347,195.6773733,46.12900298,122
531.2059909,163.7091577,56.95537758,68
531.4172755,217.9978619,58.49102111,87
499.3876614,245.922525,47.06033052,119
455.1372814,236.5628556,49.28400748,128
503.7902279,193.5967139,34.82126253,106
466.1419144,244.7217841,46.42970799,69
548.7559867,204.4600237,58.90383164,58
492.6471309,189.8874209,55.75205016,81
458.7251402,181.5979201,55.00665721,53
483.9307079,190.9259094,50.49773687,99
520.6465727,188.3546954,50.07063159,131
471.8137724,205.1124867,43.39678861,54
458.8889802,204.8172194,56.9882842,69
512.1843606,200.0913806,54.20972944,136
512.2483286,213.1081451,54.92018848,124
474.6528412,235.7193882,44.73965157,86
476.4480847,228.4866241,28.4665708,71
511.6024969,155.4530609,60.97152712,107
427.5957829,123.382366,45.21162544,117
429.6268113,228.0295973,41.37224236,142
464.0777889,158.993639,56.93478912,93
489.3276424,193.2570379,46.0798736,83
515.5453783,164.8966092,60.59936384,126
573.7678108,145.9405869,56.1700595,91
542.8829812,216.2438818,56.83569323,58
492.0030735,222.7746548,36.34044289,144
499.0491896,182.704688,62.11943985,56
449.8735318,122.2687312,52.61250531,117
499.0743432,183.6126666,46.30722861,68
485.5670681,211.7541202,51.43388467,143
516.135928,155.6326529,32.23764767,80
458.6384528,205.5007976,54.08652811,84
525.9673257,199.5407045,39.70628492,106
576.6369457,217.378745,36.47329714,134
494.5619926,203.5874111,34.77640814,110
520.0855861,170.8079318,61.12688375,80
534.5071996,235.897145,43.70736606,132
479.9389764,195.2441128,65.3372771,144
511.2046241,199.1808638,44.64198537,102
500.62962,172.0019612,32.92642042,81
504.8838049,186.7015325,38.8347556,115
461.3495108,173.4559186,62.3581162,108
501.2255087,194.8116182,48.44101822,59
524.8999146,251.3512544,44.51712704,51
572.5571804,158.8429657,51.60018226,115
547.9635413,151.5931581,55.01782736,109
607.6591229,244.1351098,61.17398816,137
461.6326219,193.7202897,64.4849923,66
543.6160318,179.9278178,46.40231354,145
509.1671003,231.1971406,36.73952314,65
609.4901467,181.8315338,45.86534839,65
459.5850857,254.7802914,52.60280507,95
458.0139079,220.3377761,40.36241074,88
470.0303677,185.3626578,40.42849085,80
393.8052138,264.7192464,53.43787882,137
473.7122489,181.8285523,49.51347648,50
462.0433669,222.2628612,50.32796995,60
507.5196893,208.9787774,42.41504665,134
517.0877988,239.0522387,47.69599286,53
593.808542,246.8453359,40.75766856,120
547.5211919,200.9601245,58.90198411,75
471.1548172,177.3974639,60.35249335,99
455.0792664,213.7991643,31.53812138,61
524.5959586,179.6685389,40.7048914,144
433.9883396,260.4016174,35.03470745,130
591.5729383,204.0960599,43.49976066,146
558.972006,189.0403535,49.1656203,124
476.5412174,205.5404092,35.5035478,141
414.3432735,159.5862113,40.78140187,145
567.6936187,170.8515788,39.96042628,114
494.2730077,236.0124172,52.07267329,96
561.8908156,180.2931716,50.69344337,141
420.2786171,168.5926705,42.78262447,102
470.0312489,216.0995826,51.76820872,120
500.262185,235.5711246,44.53319915,51
502.3490297,221.5685993,47.2834489,73
477.4967264,229.8814306,66.7345209,53
531.1424966,177.2961473,63.40461052,68
446.6189785,157.34568,37.00418763,75
492.8810257,245.0400096,58.29732418,124
506.0147816,190.3196048,58.11396554,89
525.7219417,192.4750095,38.51736711,99
535.5807439,239.8458243,58.18777644,92
443.7678954,216.6869003,65.37931918,124
423.2942915,213.6766332,38.77455194,116
563.8838411,264.9500703,40.82497179,61
516.6157006,180.6944531,60.17661467,116
462.5756732,227.8352038,52.71495311,76
577.5575988,201.7103937,55.51476275,103
505.7837317,208.0577684,53.40589216,115
558.9648592,245.8540528,53.90695921,98
503.3759241,215.2350727,36.73527872,65
603.0373962,216.1488824,60.47317707,51
587.7670421,232.1752201,61.69589992,109
487.5517926,189.0514181,47.70609256,103
548.5785475,174.82371,49.5652305,79
532.2687975,168.6557242,34.68892497,133
568.4315779,141.0093023,55.14254756,87
451.753827,261.6862139,55.72057442,77
534.302573,166.903749,49.37808983,74
552.9212243,193.3623913,61.2435336,145
412.0630257,191.695601,46.65922769,59
440.8370744,209.2222009,55.64605926,109
398.0383911,224.4721164,39.80335661,91
486.5296583,225.8142047,49.76447849,89
535.8771128,182.5076768,48.25645742,146
575.1178526,194.9863486,52.25307922,126
503.704739,208.4773985,46.30473071,91
581.4307773,192.5392662,48.68527404,96
430.9949271,248.2203673,58.26047171,86
414.830878,214.7292485,45.63235763,129
497.2226151,222.0463336,33.93422899,71
519.2032724,219.8864381,67.49583904,106
498.3652626,235.2042157,63.81454079,133
396.627895,205.4306468,37.07737305,76
495.543998,161.0950416,56.89707805,90
434.776525,211.9906386,44.97025229,129
533.4836274,180.4592932,52.63487215,83
518.3299123,184.1414995,52.94224129,81
453.0060107,217.5909206,47.655922,139
474.3066541,237.1484921,42.16234334,138
447.0393239,200.6381473,43.09458948,115
496.8660451,209.2649904,40.83808085,61
547.757116,251.0664483,41.68177792,89
450.7136977,207.2225954,49.3282171,122
525.2023258,278.0504934,42.84240011,125
473.4871191,216.9652894,56.82052066,139
460.3563584,147.1771172,64.87246155,122
494.648482,222.6002486,44.19946759,59
448.2378839,211.4347515,52.39404501,145
472.3175347,238.6925826,54.9968511,147
440.1061054,220.1954405,54.72002271,97
598.2362566,195.8463205,50.75955268,69
501.7631776,163.2710529,57.42682418,88
465.0137246,193.7293023,54.82248953,109
510.6989955,174.4843864,37.62337578,115
494.3835975,182.5842965,58.69156064,114
488.95152,217.6573521,58.87290837,100
530.708335,250.0971351,42.36713896,85
537.8753855,211.8401459,50.37937835,73
473.4749426,164.1235081,56.83328993,76
471.209088,213.33808,47.9068618,51
486.2474151,235.8989446,60.72978048,80
384.9039418,181.7065129,73.63872495,106
424.2404469,195.979485,42.14013967,127
568.3437134,200.4406458,36.18955397,115
582.2483857,176.4530506,53.03818596,78
487.548198,219.448413,57.21562505,64
528.8278482,196.3715555,47.69133626,61
515.5625077,212.5859733,64.53260663,77
653.9440404,173.3752347,36.613942,133
555.9787456,186.876251,56.92918623,73
493.6041204,221.6714407,43.94139179,70
452.222978,188.8150054,67.19377906,59
419.677684,251.8089155,69.92515353,127
510.1731818,188.0109144,42.33343412,67
462.1824627,206.7405418,44.50442864,137
428.8873145,227.977725,58.59587887,63
467.6713558,157.449028,46.1286935,83
445.9225998,147.1757356,49.54588782,107
584.3570818,154.2303106,50.25388421,125
544.0819878,237.8775231,30.80326844,71
499.6013679,183.4442556,49.86162254,119
573.9972069,276.7459786,43.10272226,85
503.8684154,183.072572,45.06877178,94
456.9357899,205.5365391,64.43632003,85
576.1562039,246.2632986,37.43493106,71
526.9455022,260.1827866,58.13205187,127
448.1376923,261.8451073,47.2103707,129
490.4830661,236.2509869,47.20239832,110
456.2190873,230.7218758,57.90371896,149
430.8600135,217.7758085,53.40051295,105
546.3088774,223.3508323,55.70612997,138
595.470832,183.4644285,59.68184661,145
430.0716213,175.4540335,46.68691617,82
528.1484618,199.8987663,43.87763265,94
467.4678715,194.8944613,39.14849473,85
475.6437308,186.4031585,41.7458947,69
470.3803038,220.8916234,79.49094425,67
456.8004615,228.6591563,62.44679581,87
502.4260814,202.6522066,36.48925634,116
458.4524942,244.3259024,36.77542043,72
513.5228413,165.7493266,54.81866062,145
497.4880945,194.1902162,55.47264797,65
488.0525977,178.4953304,55.48883835,108
454.6218169,144.0039015,47.45044206,118
471.1614335,197.5195794,48.7454574,117
537.7695613,196.3475747,53.27879524,70
525.0458594,245.4034923,50.85893006,127
451.1222378,218.9243505,27.80699627,144
504.9666153,169.2743953,47.70200369,127
537.5693562,255.622777,41.48593566,119
416.5297359,236.6310109,51.75211419,61
527.1680096,217.4629311,79.85259003,65
466.8688121,193.205477,53.67481665,130
528.5299334,171.2168229,46.86470314,136
461.8370422,188.8337967,59.21801502,63
409.755895,232.6624586,54.82687887,110
418.6228781,256.5375892,54.2009449,120
502.4042473,246.2973058,56.06850593,95
512.9861251,185.3345173,70.56543565,81
454.7841687,166.411477,38.69111565,64
531.9296229,204.2265874,54.73632077,93
416.9239969,146.946819,40.7361887,66
496.6960101,209.6950314,55.55512646,90
439.44919,195.5719224,40.81313489,103
467.4081946,186.0189049,45.82633186,93
502.3699336,152.158908,47.04910086,147
456.9793317,215.4080032,59.75816719,54
480.7722228,184.0189748,59.18454444,76
550.3146405,164.9024949,37.54282624,136
471.1554065,113.8321336,50.54934111,127
541.7846056,199.1745528,42.90420145,128
443.5146573,253.1675479,37.41495089,92
526.4902089,249.8377764,47.8298295,146
572.078431,186.2871123,46.91517212,80
376.417775,181.9336382,74.26716486,148
460.1552372,214.0632277,54.32959825,66
528.8536064,170.0484368,36.22382499,141
489.8477307,209.053757,44.35225996,132
518.5572937,222.9824084,60.21383295,103
469.8007407,236.8079967,70.88442773,111
504.3294894,196.9953777,34.14016688,136
492.2161382,193.8897875,31.20075615,81
558.3891031,173.6605224,68.70965175,89
512.7210422,175.1935894,53.89614177,62
516.8801331,193.2056332,41.31707268,133
479.4061517,211.0209652,55.34629086,84
475.6196888,227.4075388,23.64252261,54
478.3720906,175.9046315,50.03375507,122
519.7226071,244.7806571,53.27821173,78
478.950776,191.866292,59.2427014,119
514.4887428,199.3589812,39.86104048,74
603.7700399,177.5836496,50.85687161,144
543.5562352,127.2727922,40.74575374,71
483.6988234,226.5213619,52.55383756,115
560.0606961,222.1053169,41.04653678,94
479.5962313,191.5601733,45.91899161,118
398.0937732,202.0097215,40.04184605,140
449.5956845,215.4781765,56.51136242,138
406.4604039,153.1236243,58.58451117,121
482.4243258,184.1284197,47.6537943,50
500.920919,223.8279404,50.38237995,133
583.8218656,162.3713173,35.51408585,93
516.3463687,208.806738,47.00323352,136
489.0449736,159.3025459,49.49795383,145
541.4702791,213.9928995,76.20793091,124
389.4432345,198.9307555,38.88032974,88
511.7807279,151.5460455,64.64177239,103
538.5432597,234.9421806,59.96858773,137
426.0706877,177.9622527,52.80636404,124
557.1877022,175.6924269,67.58620484,78
516.9248204,206.0170759,53.72105473,103
479.2356043,234.4591205,53.89159196,139
531.6390933,169.5253454,49.46879347,65
613.5346429,201.8503955,62.23568882,148
509.0933128,212.864495,60.96469234,69
512.4110293,220.7931682,43.74322713,95
477.031955,205.2932467,36.80752805,116
457.5077815,188.9891648,47.97019363,114
541.5167908,175.1722934,41.99961436,107
457.1958087,202.5843165,49.36475425,102
503.5783119,167.8358296,62.37438135,50
476.1171277,112.3594855,45.42698345,130
523.9489913,213.0967941,49.57176619,115
516.6831053,227.1180452,50.58022735,78
551.8769972,129.1120269,58.48430882,133
474.4991801,169.7080789,27.53110666,119
486.5062532,218.5746278,43.93299705,57
451.0618142,261.7248641,52.11283692,78
477.785337,200.6238112,62.00078956,100
518.8650247,178.1599118,45.08097552,82
537.8494308,194.5131068,31.23447294,52
453.8917338,241.2462926,56.19711446,109
543.480296,180.6210746,43.64637611,84
567.7818929,176.0242398,38.10333341,118
520.6717452,185.5176943,43.7565461,140
593.8397906,171.4001418,48.15474642,125
461.31054,203.6801095,43.95255335,133
437.7672648,248.7403538,27.94433943,69
411.0639876,209.6923782,58.97066197,122
574.8022156,192.4293949,62.74875041,88
532.7182828,191.2456619,56.51521991,53
497.2207665,153.1042757,38.6231433,68
513.9984313,226.4932933,47.98508466,140
443.7255476,197.6648841,49.93478685,94
622.287599,194.5856026,55.9879439,92
506.4610591,295.793227,56.68340489,62
505.4697397,208.9625873,42.65826201,62
536.2883312,177.4462685,50.81995556,109
524.0504616,187.2092721,54.57280405,106
511.1942012,234.4533713,64.55822322,135
460.4762772,203.3981123,57.0450654,141
523.5734179,156.8516607,57.89056687,101
594.1012248,227.576868,50.83826628,102
567.2710023,179.9556774,64.10459145,135
579.6593313,256.1989333,54.09762796,92
474.4392162,232.401442,41.3891209,132
450.519759,186.5803431,64.0336997,121
493.710654,238.4304909,56.97903273,121
502.7862456,202.0356653,45.56955979,91
554.7095759,225.5832103,45.20507033,139
415.3767685,214.5419845,52.96575545,75
576.477516,174.6093004,54.63184795,72
492.0996051,180.693505,51.97292266,92
478.6559465,230.8988245,53.11308673,126
449.3947812,189.95674,66.99957375,77
417.2571664,187.8905461,60.71543152,58
541.1585292,171.3463226,51.90635591,69
503.6658984,212.707972,59.41310581,105
435.501955,261.8757476,39.67476096,132
435.2460614,167.9740126,53.9792705,88
483.210765,200.7265837,68.0930635,100
583.4510763,242.3666167,47.81954105,61
487.0204324,197.6107583,41.52366071,128
424.8428523,213.5711539,43.47911111,144
487.7128468,168.1281942,39.10366963,104
486.3638215,212.8492129,42.15238092,127
365.1556679,194.385672,46.29491901,60
497.2852567,229.5718999,35.94432981,75
488.4532735,235.6215815,50.15618334,91
534.8103182,277.6869093,59.02277174,76
592.4478047,217.3889952,40.9224382,60
556.3282515,209.7738895,65.19283924,87
486.5555655,205.831529,55.10792089,147
444.6737046,189.4050112,60.30580586,92
628.6679902,210.1545153,43.42165446,68
502.9609217,191.1379577,58.54525227,113
500.6964646,205.0538293,39.080661,55
498.7937456,239.5279261,58.90247501,95
509.904238,169.803723,51.7183934,91
492.7819794,234.1963568,55.5325122,141
471.3168997,239.513452,38.24405394,114
472.6570529,196.4579442,41.04930158,148
498.3623365,136.344353,55.97228218,121
472.8287614,181.7653404,40.51651996,108
464.3577109,238.9098364,54.63206292,101
505.3215114,199.3139581,36.32862194,96
487.2511391,170.020933,58.48174213,56
575.1996494,184.8567524,37.67476685,60
367.4515096,225.2186008,55.52299938,110
554.5753426,216.402007,56.25630934,117
562.3042596,192.832037,43.03228182,74
396.3304884,188.9952676,55.82026567,61
482.8656203,188.2472555,52.60442263,75
481.4279567,172.3276945,44.61158144,61
429.6244153,248.4612707,39.91445316,92
461.1091656,190.3303859,30.37374308,100
444.4712077,236.5147556,53.49650047,86
587.6135222,245.6394816,34.35197229,95
546.7839197,229.9493269,50.95344199,102
563.5777547,187.0513906,47.36551784,137
536.0836032,212.1119027,56.79142775,129
443.5474114,199.2741318,46.97954501,62
473.7739867,172.8889442,46.70552214,138
524.4687281,209.7307785,57.31870704,103
438.8936096,164.6288063,53.35058029,106
535.6499215,235.6303817,53.16155957,53
487.9837301,186.0614811,54.6926759,124
481.2589596,206.0347897,34.64427877,145
535.5479984,208.4986361,57.5678868,98
522.2131656,192.2328508,56.12468794,56
481.9516917,217.600814,39.83316871,60
557.9664902,185.7528903,47.55919526,141
445.9468336,226.1389189,49.60692712,103
530.7967803,159.6206096,48.65503216,136
529.6550629,203.7913874,53.33859967,94
484.522678,258.16787,64.31366782,72
516.3066511,169.9900603,60.81766728,77
437.4443212,179.6676509,36.87780807,106
546.201351,215.4172355,56.2206999,75
490.7548932,205.3874535,63.2893332,74
473.863849,210.518903,53.86808521,103
552.4504613,214.6756139,60.90980425,78
464.7828155,219.0416441,70.12270446,132
429.5769352,233.2909953,60.23709546,146
422.1685413,212.2945597,52.49308596,85
530.3004976,192.7622704,60.45088474,63
435.9785324,220.177211,51.44887833,127
587.7397091,256.996458,50.23903043,84
395.9035296,196.0209876,46.48585764,79
584.8228184,170.7641209,65.63413359,141
510.5508734,233.2124201,41.81571334,66
495.1643444,196.3885651,65.32367725,116
472.7540457,134.8199136,54.99864124,129
519.9568057,225.4226503,36.00693825,79
498.1182649,183.9401544,53.67649293,142
555.1650941,197.2840015,28.99973492,94
505.7113824,209.9594099,56.25508017,128
507.5150881,205.7149904,58.85231483,138
481.8193894,221.2835545,44.07644044,100
497.1527188,186.9354089,51.23547696,96
515.3900884,215.3931739,69.54157434,102
414.4915804,192.2135997,44.94253296,113
432.5907289,222.1643144,39.41092413,87
537.1632047,218.4610245,64.81663402,113
508.5432719,171.9368389,69.62587191,136
490.8008332,232.5794635,50.03695672,138
500.9216967,183.9210966,60.11463035,56
517.3790853,224.2417339,63.41475916,71
473.012016,211.0186194,42.57515767,130
461.0847637,255.1455103,45.14694165,131
509.7922628,193.2960205,62.30874513,90
451.0813611,189.5204961,66.85014279,123
520.4126378,199.4174118,55.6288086,59
414.8708198,190.9046065,41.20185646,106
551.4577819,223.9982571,69.87061112,56
523.6298741,151.5106817,44.69029102,99
512.8014867,168.3895274,46.64862219,140
549.1345492,167.9659124,53.42337834,101
583.2737222,228.5092278,65.54160421,82
550.7185033,251.3184012,58.53975977,50
407.9562884,196.8665234,54.148655,102
436.0211517,194.9353483,54.6328853,109
468.7590711,202.1015649,50.43514669,83
501.3045525,234.8563491,55.58139515,53
525.882951,172.179406,24.70439922,66
463.7128093,207.1510695,47.03392541,53
509.3383382,229.2559289,52.41321935,92
462.2308534,215.0328251,38.48985916,139
469.4241099,205.6874485,53.86323318,53
429.6669452,230.0313828,47.95528779,50
453.8383377,118.9030312,67.55475698,120
432.4157697,220.3362596,65.73019725,143
451.2063374,180.3777295,45.34194431,99
552.6820898,145.0810131,48.49162288,122
452.5300556,215.336078,49.26052434,110
631.6191032,241.2097564,45.48340524,84
524.665895,195.8765446,51.95024984,57
509.2418062,228.5862364,42.41717931,73
457.082111,248.3683477,38.69384665,132
535.015494,239.4474336,56.22711224,85
471.2181087,249.1989359,56.29529584,99
506.1004907,222.2638247,41.9568424,92
628.0042269,202.2630092,58.95355431,76
495.197005,151.9410256,43.68422271,81
557.4636663,192.6181254,52.53165238,127
464.8411787,174.7026021,58.20344013,67
498.2505755,265.1282815,49.66387435,77
588.5400318,194.7234256,54.54740912,78
468.6516471,203.6961442,44.83570356,65
590.6224279,216.5445613,48.03533417,148
535.3875968,201.3080734,47.94140569,96
471.8766612,250.8515312,42.53421653,108
531.620387,181.3205191,48.23225837,80
548.6277225,205.8382237,34.51381701,53
531.0904981,177.7258824,45.08846253,86
421.488764,160.3993247,47.15124507,66
463.6431412,181.6469273,47.43820248,88
487.6240682,198.8888961,47.58502554,97
496.2783285,187.1209333,49.382358,95
531.0336049,179.2273706,54.79441518,139
508.88505,157.8104761,58.74517074,97
433.2327821,197.5068328,43.50234773,88
519.0098926,154.8583888,37.96799145,53
530.5292873,222.8016789,39.57955588,79
527.9895224,202.4731926,45.12797079,79
554.0390363,156.273455,46.48078682,71
541.6961077,190.7237277,42.30003934,124
522.959004,177.4353078,37.03883336,115
496.4917144,209.5752353,45.43879173,61
416.9519533,240.2135134,51.8142662,143
521.480911,143.7448259,55.95029466,85
510.3843844,203.4507824,44.42576947,67
513.5789419,195.1960161,45.87002178,139
436.1625712,220.1402023,40.73301691,102
445.947173,206.3958988,49.6856083,120
552.6576427,177.44092,41.51571366,50
498.0222423,190.4283819,55.73127813,107
534.0750349,176.1192243,32.14133508,139
501.4159188,232.2802142,46.40370328,136
501.487807,200.6393495,53.01107339,139
546.9141903,257.0357206,51.83834516,55
474.1977636,198.1801756,76.93033664,119
504.8060388,178.747797,53.49800025,93
476.8862356,154.5885682,39.95945403,121
478.2751886,145.9058097,49.04535753,73
484.5413938,152.4759217,32.23753667,135
511.1066886,208.0137995,49.19400251,68
476.0625689,215.2617507,41.66943943,67
562.7878063,152.5642789,59.15390276,144
455.2696349,226.8511494,44.50459725,79
490.6564178,185.5081684,48.83234084,91
478.0134471,204.4037904,43.64442159,82
572.3488942,248.3666188,67.38851352,123
509.8277388,226.9051795,46.78757234,61
551.592227,191.9440806,68.32557043,143
425.7219813,173.2642332,58.14151762,76
513.3525133,135.445538,54.82066727,88
544.4815398,178.4254004,53.68733147,58
504.1141995,193.6660928,53.93797298,70
553.2740188,170.3846142,30.72327421,125
474.1355775,196.062291,47.21116606,78
570.467372,202.3055565,58.45157971,82
614.9449062,193.2543205,49.51102817,111
481.858072,180.4999226,35.94810153,64
477.7248739,205.0596402,49.47595549,51
572.6692239,213.2582195,67.04105516,101
578.9786073,167.2880277,62.46891716,93
473.8569986,242.3279714,49.37995991,103
478.9906591,197.042356,59.51449277,67
485.9107696,200.5654887,46.3349298,52
432.7774744,221.2464327,32.96128413,56
454.0674027,206.9964839,40.75534012,92
449.7929617,228.594099,65.62888769,131
461.6101217,208.613725,47.26006918,87
498.2657556,181.6268788,47.56616021,86
511.7107366,210.8451058,47.00161804,107
577.5250246,165.6882138,69.0413659,82
450.082298,203.2567912,66.25958915,108
549.2161199,199.0031003,72.18780233,144
489.3005578,193.7564943,48.4095479,60
497.5268145,196.1438747,52.95624489,117
533.7409746,143.5445286,34.83357451,131
443.8638989,183.5382528,64.76934426,117
519.1204873,202.785347,38.32220449,147
508.3226104,204.7956918,52.16775564,142
524.6225632,169.1697458,39.02697472,137
514.4584322,237.9712352,44.11133173,71
622.765007,174.0147546,41.62737569,115
468.1130008,229.083716,43.92124739,93
473.4501522,212.8158309,44.60877297,55
468.8429737,180.6131807,44.51731205,91
472.226144,253.2593268,58.33333912,74
468.1306436,164.190895,38.95137207,106
559.4508266,227.5746252,52.20541427,134
571.0252124,230.0174695,62.17959152,104
471.4626853,179.8813937,44.86803635,65
458.3822213,241.773959,42.82081109,144
523.5707778,192.4986046,47.69475375,63
472.3888478,208.6608089,61.79725208,88
531.6465909,207.8096552,51.94107631,77
510.146151,195.9707378,44.68785705,145
424.2127943,224.3242482,54.83876651,141
577.3752601,223.8046616,38.9770785,100
589.7938837,147.5440408,56.8135951,98
469.3605655,239.1302073,54.08607308,58
480.614922,150.1252404,46.92191529,107
514.2932695,230.9763861,41.61414202,94
516.7228395,233.8011541,41.13319078,71
532.9272136,167.2710071,55.34817336,81
600.5102269,187.6755714,62.28980502,118
491.1526386,166.8288599,43.62692253,136
460.0851378,193.5523691,54.58386704,118
431.0340386,190.7589715,29.12972981,91
463.453498,223.389816,44.15382269,102
498.3436514,239.3092624,49.68941067,145
589.7278932,241.8705143,40.90316583,108
474.119435,183.1349592,40.63493625,123
511.1893976,193.7233438,43.32220444,88
499.1788552,149.4968542,52.92192728,64
559.4196637,175.823898,48.12670982,120
626.3466213,228.945549,27.61768767,78
473.4565614,248.4674847,28.79299847,52
475.5280279,162.9695338,43.93134822,132
552.2080439,182.2260722,54.57686586,59
534.0945745,199.2078273,22.52495157,141
592.3353663,208.4048348,45.00269824,78
529.1964093,175.7118944,44.73752143,128
482.0353955,212.7218313,63.88337778,84
529.5327415,185.7848196,46.14978188,55
555.435179,199.5664319,53.82988985,61
541.0241091,216.3885274,51.4125714,87
525.3637016,200.1926681,28.6943352,126
553.3337345,186.9084233,57.68207217,142
558.4647795,196.7117059,52.15396505,68
569.1079496,197.3491112,55.0826864,116
532.4354944,188.8996691,89.26237706,57
491.644096,192.2361181,29.15887061,57
507.3356843,247.9594151,67.2469665,133
560.3254483,216.8275834,47.12552481,96
459.1532165,191.1355905,52.87328904,53
518.4336654,220.9086321,49.54487755,100
480.3330594,189.9854153,45.75763667,134
501.4372411,235.1937391,44.30167072,116
563.9225931,211.0892658,53.29508736,94
509.5549534,196.7809357,34.82826303,57
502.3218274,213.4315078,57.50579168,136
432.007193,152.8737154,45.83805595,65
537.3126783,166.1969759,38.69930661,126
532.2742091,164.1822498,45.49987142,116
608.1627362,204.2882928,62.57149217,58
484.6110883,251.97545,44.64664913,109
510.9575164,266.9390044,53.58453618,127
512.4691842,219.141533,42.69043724,126
578.872664,215.0253342,57.5792185,120
495.2352234,145.968268,56.85507739,64
513.9510763,183.719786,68.48608833,120
530.3948255,176.3664874,48.24436055,147
509.3304562,181.3745721,56.68654805,90
477.6783193,194.9556854,50.9806754,71
509.7044996,185.8372827,62.95871782,73
553.6815875,140.6210057,42.81167612,93
448.674235,222.4373077,57.45005313,50
506.6484837,167.8177092,48.05302704,59
464.9939593,207.1774059,49.35811823,129
559.7523314,262.2224801,50.91752484,121
423.8406548,172.4184623,52.52240396,105
472.0539076,124.0913743,48.83770957,138
518.8605938,191.4198733,52.14713183,99
578.2762015,233.028789,65.78118058,61
496.7124869,258.7504236,59.85449686,138
472.2400237,163.1135122,58.69154592,130
594.0578535,214.9009767,45.44460474,109
427.599305,186.0406863,41.10759172,75
390.0597022,196.8215494,59.55300558,127
522.0007225,279.3303004,58.76046793,90
474.8972888,154.9108901,64.72670676,85
448.9383591,207.6121898,43.96019374,72
535.4178224,214.0307952,47.70451345,92
512.1900357,232.5735897,33.60515837,55
471.7960685,202.9394946,46.07528894,118
435.9847801,209.2415162,59.96570511,92
543.6228664,188.250543,45.33504621,74
532.5100589,208.0738082,56.40479795,67
495.0412068,189.7042317,48.09496894,111
592.3318498,218.6471567,53.24057028,62
446.4957617,188.9116899,38.5230861,92
423.7237415,211.3130118,50.8520945,127
465.4045965,199.1221156,20.08864029,77
497.7206992,233.7815075,48.13103842,67
512.1669725,198.4581883,33.69526756,108
487.9381971,146.809026,62.05994517,109
517.6027698,237.857645,57.77407353,112
437.4230288,172.828031,54.66670982,106
572.1882302,180.3870098,65.21006227,141
495.8924411,182.1301612,40.51083479,100
555.8647916,241.2331428,67.47363198,105
517.1362673,135.9297736,59.32191564,76
522.837661,294.132456,47.63444713,81
528.488364,231.6817043,61.35620147,58
522.385428,206.6971674,38.93706488,145
532.136138,198.35318,41.75485838,133
566.4576265,208.5666222,43.91410277,141
509.8260585,215.6336729,44.71022292,146
535.4501879,219.3564676,39.43442357,117
495.5132153,216.668134,62.23083067,95
572.0058608,202.6874204,47.411456,147
466.1803849,194.0798474,53.52504968,116
590.0470216,195.4618015,44.29648634,75
497.9921025,194.1527516,31.79396699,57
428.4612449,234.0131029,52.70057358,55
506.4052207,217.8067017,30.87745025,129
465.9474171,111.788341,49.31365954,73
542.0321774,219.6770233,36.31684961,97
467.368801,205.8420858,69.87275999,143
477.6908283,199.4387373,59.11362722,94
405.5229635,188.3444464,51.05753791,62
477.384684,233.7233816,62.63706678,118
378.8060337,228.4257939,41.53684023,74
420.8048588,176.81367,55.43479379,69
538.0207328,212.2115686,51.99810434,131
539.2900079,170.850298,52.64020081,131
521.2728781,158.6114551,62.723535,115
451.6511928,181.1984833,57.32492103,123
497.6144322,225.8718042,52.88723663,94
499.819873,228.5937514,33.45112564,96
442.0817655,215.3925626,40.39953705,112
575.1699151,221.7528736,48.77291066,125
543.8681145,215.4853486,50.93372374,126
488.9517913,180.7555521,38.69796275,104
501.3442919,212.9576763,74.11676676,124
510.4191404,224.0122858,65.16394055,68
397.9132566,222.6287399,56.0211832,84
487.6411309,235.6674011,50.72036861,102
465.9007876,221.2491154,47.8779103,75
449.9189995,210.5434462,40.4808154,63
485.9449854,232.1045071,50.77480519,94
589.8843263,199.2043622,52.5775254,93
532.0421431,173.5437605,37.58239425,137
471.4410505,195.1079911,53.34176417,114
528.6291391,177.6529207,48.44740951,100
1500,800,200,500
-200,-100,-50,-20
2000,900,300,600
-300,-150,-100,-30
